{
  "hash": "7760ba81",
  "configHash": "aa942292",
  "lockfileHash": "fcc08f0f",
  "browserHash": "545ff5a9",
  "optimized": {
    "@angular/core": {
      "src": "../../../../../node_modules/@angular/core/fesm2022/core.mjs",
      "file": "@angular_core.js",
      "fileHash": "7df2d27a",
      "needsInterop": false
    },
    "@angular/platform-browser": {
      "src": "../../../../../node_modules/@angular/platform-browser/fesm2022/platform-browser.mjs",
      "file": "@angular_platform-browser.js",
      "fileHash": "e864a489",
      "needsInterop": false
    },
    "@angular/router": {
      "src": "../../../../../node_modules/@angular/router/fesm2022/router.mjs",
      "file": "@angular_router.js",
      "fileHash": "ee8349d0",
      "needsInterop": false
    }
  },
  "chunks": {
    "chunk-SXANDHFF": {
      "file": "chunk-SXANDHFF.js"
    },
    "chunk-7UGCLQBC": {
      "file": "chunk-7UGCLQBC.js"
    }
  }
}