{
  "hash": "50d18abf",
  "configHash": "17df5696",
  "lockfileHash": "ac871804",
  "browserHash": "42da4ef3",
  "optimized": {
    "@angular/core": {
      "src": "../../../../../node_modules/@angular/core/fesm2022/core.mjs",
      "file": "@angular_core.js",
      "fileHash": "041d7c40",
      "needsInterop": false
    },
    "@angular/platform-browser": {
      "src": "../../../../../node_modules/@angular/platform-browser/fesm2022/platform-browser.mjs",
      "file": "@angular_platform-browser.js",
      "fileHash": "b365a124",
      "needsInterop": false
    },
    "@angular/router": {
      "src": "../../../../../node_modules/@angular/router/fesm2022/router.mjs",
      "file": "@angular_router.js",
      "fileHash": "f1e85251",
      "needsInterop": false
    }
  },
  "chunks": {
    "chunk-C7WUDN6V": {
      "file": "chunk-C7WUDN6V.js"
    },
    "chunk-NQ3SZXLJ": {
      "file": "chunk-NQ3SZXLJ.js"
    }
  }
}