{
  "hash": "37450932",
  "configHash": "60d7bdab",
  "lockfileHash": "f7ada560",
  "browserHash": "befed307",
  "optimized": {
    "@angular/core": {
      "src": "../../../../../node_modules/@angular/core/fesm2022/core.mjs",
      "file": "@angular_core.js",
      "fileHash": "69b6e457",
      "needsInterop": false
    },
    "@angular/platform-browser": {
      "src": "../../../../../node_modules/@angular/platform-browser/fesm2022/platform-browser.mjs",
      "file": "@angular_platform-browser.js",
      "fileHash": "7b80f2e6",
      "needsInterop": false
    },
    "@angular/router": {
      "src": "../../../../../node_modules/@angular/router/fesm2022/router.mjs",
      "file": "@angular_router.js",
      "fileHash": "00927f18",
      "needsInterop": false
    }
  },
  "chunks": {
    "chunk-2HVGG22W": {
      "file": "chunk-2HVGG22W.js"
    },
    "chunk-KR6GKBAP": {
      "file": "chunk-KR6GKBAP.js"
    }
  }
}