{
  "hash": "caa6e928",
  "configHash": "429e3261",
  "lockfileHash": "abf3f84b",
  "browserHash": "0897a390",
  "optimized": {
    "@angular/core": {
      "src": "../../../../../node_modules/@angular/core/fesm2022/core.mjs",
      "file": "@angular_core.js",
      "fileHash": "4018d9e9",
      "needsInterop": false
    },
    "@angular/platform-browser": {
      "src": "../../../../../node_modules/@angular/platform-browser/fesm2022/platform-browser.mjs",
      "file": "@angular_platform-browser.js",
      "fileHash": "1db7578d",
      "needsInterop": false
    },
    "@angular/router": {
      "src": "../../../../../node_modules/@angular/router/fesm2022/router.mjs",
      "file": "@angular_router.js",
      "fileHash": "58a12fc4",
      "needsInterop": false
    }
  },
  "chunks": {
    "chunk-SXANDHFF": {
      "file": "chunk-SXANDHFF.js"
    },
    "chunk-7UGCLQBC": {
      "file": "chunk-7UGCLQBC.js"
    }
  }
}