{
  "hash": "4cf3f4a4",
  "configHash": "57e71fd2",
  "lockfileHash": "44a29e4e",
  "browserHash": "085bdf71",
  "optimized": {
    "@angular/core": {
      "src": "../../../../../node_modules/@angular/core/fesm2022/core.mjs",
      "file": "@angular_core.js",
      "fileHash": "b1c5de06",
      "needsInterop": false
    },
    "@angular/platform-browser": {
      "src": "../../../../../node_modules/@angular/platform-browser/fesm2022/platform-browser.mjs",
      "file": "@angular_platform-browser.js",
      "fileHash": "761abd7b",
      "needsInterop": false
    },
    "@angular/router": {
      "src": "../../../../../node_modules/@angular/router/fesm2022/router.mjs",
      "file": "@angular_router.js",
      "fileHash": "2b23c83b",
      "needsInterop": false
    }
  },
  "chunks": {
    "chunk-SXANDHFF": {
      "file": "chunk-SXANDHFF.js"
    },
    "chunk-7UGCLQBC": {
      "file": "chunk-7UGCLQBC.js"
    }
  }
}