{
  "hash": "b4ea6142",
  "configHash": "9408deb6",
  "lockfileHash": "522d8bbd",
  "browserHash": "606da36c",
  "optimized": {
    "@angular/core": {
      "src": "../../../../../node_modules/@angular/core/fesm2022/core.mjs",
      "file": "@angular_core.js",
      "fileHash": "1d1be969",
      "needsInterop": false
    },
    "@angular/platform-browser": {
      "src": "../../../../../node_modules/@angular/platform-browser/fesm2022/platform-browser.mjs",
      "file": "@angular_platform-browser.js",
      "fileHash": "abd0f680",
      "needsInterop": false
    },
    "@angular/router": {
      "src": "../../../../../node_modules/@angular/router/fesm2022/router.mjs",
      "file": "@angular_router.js",
      "fileHash": "e7ce3553",
      "needsInterop": false
    }
  },
  "chunks": {
    "chunk-C7WUDN6V": {
      "file": "chunk-C7WUDN6V.js"
    },
    "chunk-NQ3SZXLJ": {
      "file": "chunk-NQ3SZXLJ.js"
    }
  }
}