{
  "hash": "ffa1f4ed",
  "configHash": "2fd3c68f",
  "lockfileHash": "4b0505e2",
  "browserHash": "8f005c8f",
  "optimized": {
    "@angular/core": {
      "src": "../../../../../node_modules/@angular/core/fesm2022/core.mjs",
      "file": "@angular_core.js",
      "fileHash": "acb03e27",
      "needsInterop": false
    },
    "@angular/platform-browser": {
      "src": "../../../../../node_modules/@angular/platform-browser/fesm2022/platform-browser.mjs",
      "file": "@angular_platform-browser.js",
      "fileHash": "e329a241",
      "needsInterop": false
    },
    "@angular/router": {
      "src": "../../../../../node_modules/@angular/router/fesm2022/router.mjs",
      "file": "@angular_router.js",
      "fileHash": "f62f15d4",
      "needsInterop": false
    }
  },
  "chunks": {
    "chunk-2HVGG22W": {
      "file": "chunk-2HVGG22W.js"
    },
    "chunk-KR6GKBAP": {
      "file": "chunk-KR6GKBAP.js"
    }
  }
}