{
  "hash": "d9918818",
  "configHash": "8d558a7f",
  "lockfileHash": "5ebc45f6",
  "browserHash": "df5eb1f7",
  "optimized": {
    "@angular/core": {
      "src": "../../../../../node_modules/@angular/core/fesm2022/core.mjs",
      "file": "@angular_core.js",
      "fileHash": "855c9ba2",
      "needsInterop": false
    },
    "@angular/platform-browser": {
      "src": "../../../../../node_modules/@angular/platform-browser/fesm2022/platform-browser.mjs",
      "file": "@angular_platform-browser.js",
      "fileHash": "c6f590ae",
      "needsInterop": false
    },
    "@angular/router": {
      "src": "../../../../../node_modules/@angular/router/fesm2022/router.mjs",
      "file": "@angular_router.js",
      "fileHash": "bc097ea9",
      "needsInterop": false
    }
  },
  "chunks": {
    "chunk-SXANDHFF": {
      "file": "chunk-SXANDHFF.js"
    },
    "chunk-7UGCLQBC": {
      "file": "chunk-7UGCLQBC.js"
    }
  }
}