{
  "hash": "8c393a51",
  "configHash": "2e7f93c8",
  "lockfileHash": "6762af8e",
  "browserHash": "66e86a2e",
  "optimized": {
    "@angular/core": {
      "src": "../../../../../node_modules/@angular/core/fesm2022/core.mjs",
      "file": "@angular_core.js",
      "fileHash": "94bd4119",
      "needsInterop": false
    },
    "@angular/platform-browser": {
      "src": "../../../../../node_modules/@angular/platform-browser/fesm2022/platform-browser.mjs",
      "file": "@angular_platform-browser.js",
      "fileHash": "d069a2bf",
      "needsInterop": false
    },
    "@angular/router": {
      "src": "../../../../../node_modules/@angular/router/fesm2022/router.mjs",
      "file": "@angular_router.js",
      "fileHash": "4e086683",
      "needsInterop": false
    }
  },
  "chunks": {
    "chunk-SXANDHFF": {
      "file": "chunk-SXANDHFF.js"
    },
    "chunk-7UGCLQBC": {
      "file": "chunk-7UGCLQBC.js"
    }
  }
}