{
  "hash": "de92178c",
  "configHash": "a1a9fb48",
  "lockfileHash": "c2dc6ed6",
  "browserHash": "1b61dba3",
  "optimized": {
    "@angular/core": {
      "src": "../../../../../node_modules/@angular/core/fesm2022/core.mjs",
      "file": "@angular_core.js",
      "fileHash": "c7bf9a26",
      "needsInterop": false
    },
    "@angular/platform-browser": {
      "src": "../../../../../node_modules/@angular/platform-browser/fesm2022/platform-browser.mjs",
      "file": "@angular_platform-browser.js",
      "fileHash": "517f3447",
      "needsInterop": false
    },
    "@angular/router": {
      "src": "../../../../../node_modules/@angular/router/fesm2022/router.mjs",
      "file": "@angular_router.js",
      "fileHash": "0597c2dc",
      "needsInterop": false
    }
  },
  "chunks": {
    "chunk-2HVGG22W": {
      "file": "chunk-2HVGG22W.js"
    },
    "chunk-KR6GKBAP": {
      "file": "chunk-KR6GKBAP.js"
    }
  }
}