{
  "hash": "d4584dee",
  "configHash": "12069d48",
  "lockfileHash": "18d5aabd",
  "browserHash": "ddbe83e6",
  "optimized": {
    "@angular/core": {
      "src": "../../../../../node_modules/@angular/core/fesm2022/core.mjs",
      "file": "@angular_core.js",
      "fileHash": "b71407df",
      "needsInterop": false
    },
    "@angular/platform-browser": {
      "src": "../../../../../node_modules/@angular/platform-browser/fesm2022/platform-browser.mjs",
      "file": "@angular_platform-browser.js",
      "fileHash": "9be90e3b",
      "needsInterop": false
    },
    "@angular/router": {
      "src": "../../../../../node_modules/@angular/router/fesm2022/router.mjs",
      "file": "@angular_router.js",
      "fileHash": "915f88d3",
      "needsInterop": false
    }
  },
  "chunks": {
    "chunk-2HVGG22W": {
      "file": "chunk-2HVGG22W.js"
    },
    "chunk-KR6GKBAP": {
      "file": "chunk-KR6GKBAP.js"
    }
  }
}