{
  "hash": "96c28214",
  "configHash": "bb29fef7",
  "lockfileHash": "0165aa23",
  "browserHash": "faed6f06",
  "optimized": {
    "@angular/core": {
      "src": "../../../../../node_modules/@angular/core/fesm2022/core.mjs",
      "file": "@angular_core.js",
      "fileHash": "d390b960",
      "needsInterop": false
    },
    "@angular/platform-browser": {
      "src": "../../../../../node_modules/@angular/platform-browser/fesm2022/platform-browser.mjs",
      "file": "@angular_platform-browser.js",
      "fileHash": "02799079",
      "needsInterop": false
    },
    "@angular/router": {
      "src": "../../../../../node_modules/@angular/router/fesm2022/router.mjs",
      "file": "@angular_router.js",
      "fileHash": "33f52cba",
      "needsInterop": false
    }
  },
  "chunks": {
    "chunk-7USRE56N": {
      "file": "chunk-7USRE56N.js"
    },
    "chunk-3SEYDLMY": {
      "file": "chunk-3SEYDLMY.js"
    }
  }
}